org,incident_type,severity,summary,month,link
Org_0,Safety,med,Synthetic incident,2024-11-01,https://example.com/incident
Org_1,Security,high,Synthetic incident,2024-11-01,https://example.com/incident
Org_2,Safety,low,Synthetic incident,2024-11-01,https://example.com/incident
Org_3,Safety,high,Synthetic incident,2024-11-01,https://example.com/incident
Org_4,Security,med,Synthetic incident,2024-11-01,https://example.com/incident
Org_5,Compliance,low,Synthetic incident,2024-11-01,https://example.com/incident
Org_6,Safety,med,Synthetic incident,2024-11-01,https://example.com/incident
Org_7,Security,low,Synthetic incident,2024-11-01,https://example.com/incident
Org_0,Security,med,Synthetic incident,2024-12-01,https://example.com/incident
Org_1,Compliance,med,Synthetic incident,2024-12-01,https://example.com/incident
Org_2,Compliance,med,Synthetic incident,2024-12-01,https://example.com/incident
Org_3,Safety,high,Synthetic incident,2024-12-01,https://example.com/incident
Org_4,Safety,low,Synthetic incident,2024-12-01,https://example.com/incident
Org_5,Security,med,Synthetic incident,2024-12-01,https://example.com/incident
Org_6,Security,low,Synthetic incident,2024-12-01,https://example.com/incident
Org_7,Security,low,Synthetic incident,2024-12-01,https://example.com/incident
Org_0,Security,high,Synthetic incident,2025-01-01,https://example.com/incident
Org_1,Safety,med,Synthetic incident,2025-01-01,https://example.com/incident
Org_2,Safety,med,Synthetic incident,2025-01-01,https://example.com/incident
Org_3,Security,high,Synthetic incident,2025-01-01,https://example.com/incident
Org_4,Safety,med,Synthetic incident,2025-01-01,https://example.com/incident
Org_5,Safety,med,Synthetic incident,2025-01-01,https://example.com/incident
Org_6,Security,med,Synthetic incident,2025-01-01,https://example.com/incident
Org_7,Safety,high,Synthetic incident,2025-01-01,https://example.com/incident
Org_0,Safety,low,Synthetic incident,2025-02-01,https://example.com/incident
Org_1,Safety,low,Synthetic incident,2025-02-01,https://example.com/incident
Org_2,Compliance,low,Synthetic incident,2025-02-01,https://example.com/incident
Org_3,Safety,med,Synthetic incident,2025-02-01,https://example.com/incident
Org_4,Safety,med,Synthetic incident,2025-02-01,https://example.com/incident
Org_5,Security,med,Synthetic incident,2025-02-01,https://example.com/incident
Org_6,Compliance,med,Synthetic incident,2025-02-01,https://example.com/incident
Org_7,Compliance,low,Synthetic incident,2025-02-01,https://example.com/incident
Org_0,Security,med,Synthetic incident,2025-03-01,https://example.com/incident
Org_1,Compliance,med,Synthetic incident,2025-03-01,https://example.com/incident
Org_2,Compliance,med,Synthetic incident,2025-03-01,https://example.com/incident
Org_3,Safety,low,Synthetic incident,2025-03-01,https://example.com/incident
Org_4,Security,high,Synthetic incident,2025-03-01,https://example.com/incident
Org_5,Compliance,med,Synthetic incident,2025-03-01,https://example.com/incident
Org_6,Safety,low,Synthetic incident,2025-03-01,https://example.com/incident
Org_7,Security,low,Synthetic incident,2025-03-01,https://example.com/incident
Org_0,Safety,low,Synthetic incident,2025-04-01,https://example.com/incident
Org_1,Compliance,low,Synthetic incident,2025-04-01,https://example.com/incident
Org_2,Compliance,low,Synthetic incident,2025-04-01,https://example.com/incident
Org_3,Security,low,Synthetic incident,2025-04-01,https://example.com/incident
Org_4,Compliance,med,Synthetic incident,2025-04-01,https://example.com/incident
Org_5,Security,med,Synthetic incident,2025-04-01,https://example.com/incident
Org_6,Compliance,med,Synthetic incident,2025-04-01,https://example.com/incident
Org_7,Compliance,low,Synthetic incident,2025-04-01,https://example.com/incident
Org_0,Compliance,low,Synthetic incident,2025-05-01,https://example.com/incident
Org_1,Compliance,low,Synthetic incident,2025-05-01,https://example.com/incident
Org_2,Safety,med,Synthetic incident,2025-05-01,https://example.com/incident
Org_3,Security,low,Synthetic incident,2025-05-01,https://example.com/incident
Org_4,Security,high,Synthetic incident,2025-05-01,https://example.com/incident
Org_5,Safety,med,Synthetic incident,2025-05-01,https://example.com/incident
Org_6,Security,med,Synthetic incident,2025-05-01,https://example.com/incident
Org_7,Safety,low,Synthetic incident,2025-05-01,https://example.com/incident
Org_0,Compliance,med,Synthetic incident,2025-06-01,https://example.com/incident
Org_1,Security,med,Synthetic incident,2025-06-01,https://example.com/incident
Org_2,Security,low,Synthetic incident,2025-06-01,https://example.com/incident
Org_3,Safety,low,Synthetic incident,2025-06-01,https://example.com/incident
Org_4,Compliance,low,Synthetic incident,2025-06-01,https://example.com/incident
Org_5,Safety,low,Synthetic incident,2025-06-01,https://example.com/incident
Org_6,Compliance,high,Synthetic incident,2025-06-01,https://example.com/incident
Org_7,Compliance,med,Synthetic incident,2025-06-01,https://example.com/incident
Org_0,Security,low,Synthetic incident,2025-07-01,https://example.com/incident
Org_1,Security,low,Synthetic incident,2025-07-01,https://example.com/incident
Org_2,Safety,high,Synthetic incident,2025-07-01,https://example.com/incident
Org_3,Security,med,Synthetic incident,2025-07-01,https://example.com/incident
Org_4,Compliance,low,Synthetic incident,2025-07-01,https://example.com/incident
Org_5,Security,low,Synthetic incident,2025-07-01,https://example.com/incident
Org_6,Security,high,Synthetic incident,2025-07-01,https://example.com/incident
Org_7,Compliance,med,Synthetic incident,2025-07-01,https://example.com/incident
Org_0,Compliance,low,Synthetic incident,2025-08-01,https://example.com/incident
Org_1,Security,high,Synthetic incident,2025-08-01,https://example.com/incident
Org_2,Compliance,med,Synthetic incident,2025-08-01,https://example.com/incident
Org_3,Compliance,med,Synthetic incident,2025-08-01,https://example.com/incident
Org_4,Compliance,low,Synthetic incident,2025-08-01,https://example.com/incident
Org_5,Safety,med,Synthetic incident,2025-08-01,https://example.com/incident
Org_6,Security,low,Synthetic incident,2025-08-01,https://example.com/incident
Org_7,Compliance,low,Synthetic incident,2025-08-01,https://example.com/incident
Org_0,Compliance,med,Synthetic incident,2025-09-01,https://example.com/incident
Org_1,Security,low,Synthetic incident,2025-09-01,https://example.com/incident
Org_2,Safety,low,Synthetic incident,2025-09-01,https://example.com/incident
Org_3,Safety,med,Synthetic incident,2025-09-01,https://example.com/incident
Org_4,Safety,med,Synthetic incident,2025-09-01,https://example.com/incident
Org_5,Safety,low,Synthetic incident,2025-09-01,https://example.com/incident
Org_6,Security,low,Synthetic incident,2025-09-01,https://example.com/incident
Org_7,Security,high,Synthetic incident,2025-09-01,https://example.com/incident
Org_0,Security,high,Synthetic incident,2025-10-01,https://example.com/incident
Org_1,Safety,low,Synthetic incident,2025-10-01,https://example.com/incident
Org_2,Security,med,Synthetic incident,2025-10-01,https://example.com/incident
Org_3,Safety,med,Synthetic incident,2025-10-01,https://example.com/incident
Org_4,Security,low,Synthetic incident,2025-10-01,https://example.com/incident
Org_5,Safety,low,Synthetic incident,2025-10-01,https://example.com/incident
Org_6,Compliance,high,Synthetic incident,2025-10-01,https://example.com/incident
Org_7,Compliance,med,Synthetic incident,2025-10-01,https://example.com/incident
